{
  "episode_rewards": [
    -3.2712265695174736,
    -8.226410938843873,
    -7.3261255593038666,
    0.0500869976212876,
    -3.531550713323904,
    -4.772222171477747,
    -6.205632271551646,
    -2.041733113930615,
    -2.9963974289695834,
    7.337524248892202,
    8.990672814374886,
    -4.527382109559277,
    0.34002415361304916,
    -0.833165592246522,
    -5.125329719776445,
    -1.7227049218353017,
    -2.3434759643996204,
    -0.8355298574976335,
    6.6211668145819065,
    10.047241323506926,
    1.5987188457862125,
    -2.5412979352465346,
    -0.22014930159012192,
    -4.472411812926385,
    -5.867255137702783,
    -3.721232267516955,
    1.9615195361876978,
    -6.882848326566275,
    2.8722950434921968,
    0.597106816019652,
    -4.7307034685636165,
    2.6639831411724395,
    -5.272973408728305,
    -1.9255335695333178,
    -1.997397435181258,
    0.22544339038703676,
    -2.2172513887667096,
    -1.0466742802876206,
    0.1773474581856157,
    0.4475338986080213,
    -13.088730584975387,
    -5.611437649819457,
    0.12225093858764724,
    -1.5908842017850289,
    -1.6107693459536325,
    0.6772298642890151,
    1.4008587907640178,
    -1.1254315474184646,
    -0.05035520831449347,
    2.161577162381064,
    0.6836052132879403,
    -3.4234998502243403,
    3.6185231793120884,
    6.1355671103719525,
    0.06443613471369947,
    -5.749021449094795,
    -4.3237663671017526,
    -4.921256517843733,
    1.1782887466841858,
    1.9626536693912966,
    -0.6148166193804,
    -2.7176804548961933,
    -1.6736378352396604,
    0.09777893527096548,
    6.8854459738504215,
    -2.677034227758681,
    -3.2396159372715454,
    11.162903450234072,
    -8.210154804509967,
    0.7144815613279064,
    5.981072144094097,
    11.32062398230728,
    -3.2656662562645256,
    -1.1598484408541114,
    -2.47730553770658,
    4.079936474479433,
    3.1864443314316215,
    3.892978837611817,
    2.760849554516777,
    -6.62718480839643,
    -7.134665670061372,
    -2.358804177349707,
    2.6769025304628284,
    8.12511255486739,
    4.219058795347845,
    0.8784225677060242,
    4.876018025414673,
    6.799451966496256,
    -0.014592201821907125,
    -2.646735117837129,
    13.370265081151723,
    2.36276661316268,
    1.5194671825149468,
    -6.20337755660446,
    3.8573025530723024,
    4.494469047626063,
    2.3168126616579694,
    1.0114202342799152,
    4.686000849117132,
    -1.2101620977830323
  ],
  "episode_costs": [
    2.017998400515519,
    43.075983452293734,
    19.56847771927962,
    14.017950503717852,
    1.6262766187727538,
    2.5605598463872337,
    31.063971810579794,
    24.737577395175006,
    21.159871302783397,
    15.987938551918395,
    7.908609804110029,
    2.847107385650873,
    29.45409079385797,
    3.32239540265053,
    34.40668733879857,
    9.364420892904112,
    14.080428002285727,
    42.28705202247969,
    15.446272674457022,
    22.958246884834132,
    4.299971577873886,
    20.366995869909324,
    9.974372797487163,
    13.295817758212998,
    2.8091678581415085,
    26.944370078746953,
    14.23824133125686,
    2.3536008682209464,
    7.16617616787128,
    11.59259914381776,
    0.0,
    15.34349757719653,
    28.899712347064035,
    16.318286350989606,
    2.8627075761009375,
    22.095832288567205,
    13.911247807625507,
    8.238164965376601,
    4.4576922478117815,
    9.33012233472559,
    32.7975329846885,
    4.101472344586554,
    14.930595269953994,
    17.332203401969252,
    3.8936103714786205,
    6.558951361740347,
    29.30452794916537,
    42.767397723645686,
    19.36488151114204,
    13.960236051099015,
    27.22900900888737,
    0.6906477972645391,
    33.88432721419768,
    4.724989084297068,
    19.689616801761783,
    13.751823934233459,
    12.107005663663955,
    8.748149284209372,
    7.3536670652520275,
    20.9733193878239,
    16.21402380379025,
    25.97956117884493,
    0.0,
    53.75430276268597,
    12.019873510327198,
    16.811958428705946,
    5.375901399319549,
    5.457475289749579,
    25.738726163585746,
    30.85241243449693,
    4.221083264418115,
    11.238008735614162,
    25.90309741614449,
    1.455504563592386,
    25.527565829656055,
    5.3190136491968945,
    21.2804559398583,
    0.0,
    13.4282286991286,
    1.863763191787893,
    15.742524801914474,
    0.4237919874833885,
    18.138588853559384,
    11.508003623200146,
    6.3117202846146245,
    31.43324722552742,
    2.1293251832110065,
    6.209538309500521,
    17.592995843916274,
    3.541973391077991,
    5.784413966466367,
    12.373849922234285,
    16.398154159104,
    6.5905800816607405,
    14.623957090796345,
    10.426822270986106,
    5.784313841043025,
    11.920409346970814,
    8.700590857620014,
    3.127816697284568
  ],
  "episode_renewable_ratios": [
    0.43938820939345524,
    0.37225735364461005,
    0.37555605873635833,
    0.5809243633518385,
    0.2635409144893821,
    0.3967946929973137,
    0.48479629099139154,
    0.4316182652256982,
    0.5362282545752366,
    0.6993868288081356,
    0.6966408834949642,
    0.16351386172696233,
    0.5283962912869327,
    0.5112535791935985,
    0.41785048947544745,
    0.5901263431113248,
    0.5800965731920105,
    0.5203275742491701,
    0.6901194316819828,
    0.7164112482355373,
    0.6260234992577507,
    0.4807228777443074,
    0.580139331438415,
    0.4831616753908325,
    0.3158048643099081,
    0.48073222545491595,
    0.6291055281250308,
    0.38513335635306173,
    0.6444628976125302,
    0.6009312480537421,
    0.0,
    0.6432980058815037,
    0.5132650436143112,
    0.4160627920643452,
    0.5635545095566317,
    0.5166536832614115,
    0.527851551625761,
    0.5131598603247238,
    0.5683214358375103,
    0.6053142047276538,
    0.2719685775986017,
    0.39718870374301146,
    0.5539134246233179,
    0.5727043177133679,
    0.4234218342368448,
    0.5413027253085155,
    0.5073743729354443,
    0.5544891846833255,
    0.5331321893689862,
    0.6286825537385741,
    0.5973114176355188,
    0.31493393447029217,
    0.6329060168931926,
    0.6676192718808377,
    0.604654680145188,
    0.39357353870081535,
    0.49557259198931763,
    0.3931493976618026,
    0.5742202816613712,
    0.6359876643751121,
    0.4808614352645172,
    0.6016252025303676,
    0.5220155591329315,
    0.5301721799598159,
    0.6643659420020332,
    0.5081610367146602,
    0.3891891082145378,
    0.796926739625533,
    0.48647257128936305,
    0.5552542598735162,
    0.7038722145564102,
    0.8377783496761885,
    0.474823117976439,
    0.4592942375795467,
    0.5407929841235175,
    0.6729236258652801,
    0.6453860915461551,
    0.6854466620833645,
    0.567507306429112,
    0.40823277853217343,
    0.4284107930281682,
    0.3078339576728869,
    0.608270960850861,
    0.7194760433275316,
    0.6626502604420129,
    0.5487486007065681,
    0.6173524107460497,
    0.7228307208302316,
    0.5797724927572152,
    0.42673823231734714,
    0.7538830867457645,
    0.6335942841690662,
    0.6089203325487241,
    0.2946694498591658,
    0.6022028814865167,
    0.6459472501546534,
    0.591470557161362,
    0.6048181567934391,
    0.7299557673878525,
    0.5108694965302067
  ],