{
  "agent_metrics": {
    "episode_rewards": [
      15.71432100425448,
      16.779088066944322,
      16.699778258884056,
      15.509366839608498,
      14.680487518788262,
      16.636956591444385,
      17.482188230918865,
      15.989503806398575,
      12.422466144171514,
      12.59861096739824,
      12.541515457035405,
      13.948795244793073,
      16.57356452633673,
      14.26097642475043,
      14.073195482234862,
      15.343578047612974,
      10.327392844299869,
      13.82306619900319,
      16.82034302408249,
      12.679318364506479
    ],
    "episode_costs": [
      3.1504790877599085,
      1.4178219005400912,
      3.3172203354586682,
      0.0,
      0.20164153210188088,
      0.6232716439902016,
      0.36489684586866195,
      0.0,
      0.9462642695662908,
      4.404584268773548,
      0.7976638408017844,
      0.0,
      2.1278650501442744,
      0.9599357880034073,
      3.7532718474556566,
      0.4078657324605388,
      0.0,
      0.3299790660379339,
      2.388645260993935,
      0.0
    ],
    "renewable_ratios": [
      0.7953057871309044,
      0.8295187210002555,
      0.8451597298124006,
      0.8174369278087246,
      0.8324200284889608,
      0.8608189788763679,
      0.8890857583942785,
      0.8351275573494091,
      0.79555505077163,
      0.7557790711344348,
      0.7804385094302736,
      0.8177256777859655,
      0.8575994674014958,
      0.8303190930493586,
      0.7690676842103044,
      0.8286027005891053,
      0.8030210652244136,
      0.8421835699702229,
      0.8806079784273274,
      0.8279651117759865
    ],
    "unmet_ratios": [
      0.03712670525659844,
      0.010642804164640094,
      0.015311583895978392,
      0.009321701855929159,
      0.060136996935988694,
      0.01596745780254889,
      0.005211596476709242,
      0.026926126998030722,
      0.06462773318326544,
      0.03968447045926063,
      0.036249803812465106,
      0.024813425100955206,
      0.005430367577694042,
      0.0567410424290544,
      0.03298354011508509,
      0.03251517105985218,
      0.08979948668979726,
      0.050825256294343785,
      0.0043563240601035185,
      0.05461325679731075
    ],
    "mean_reward": 14.745225652173335,
    "std_reward": 1.883141599503123,
    "mean_cost": 1.259570323497839,
    "mean_renewable_ratio": 0.8246869234315909,
    "mean_unmet_ratio": 0.03366424254828056
  },
  "random_metrics": {
    "episode_rewards": [
      -5.123225016655272,
      -6.90133046360008,
      -0.05860405997318363,
      -0.9377808215921216,
      -3.8908058349415553,
      -0.7334134372155723,
      -1.7512469822812915,
      -4.651514830161671,
      -4.320402432834244,
      -9.957835038629732,
      -7.268318471372856,
      -1.8392205060537006,
      3.110065504685143,
      -1.9392932810913495,
      -7.26056278176099,
      -8.052248690650828,
      1.7673095855386571,
      -6.460382067879806,
      0.13525626774001154,
      -0.7276418236325926
    ],
    "episode_costs": [
      10.411728574755417,
      37.89584069457786,
      15.452475604892092,
      11.527887126624066,
      4.355425443124751,
      14.819046957494532,
      12.793741034977428,
      32.30861592506906,
      3.443600307436159,
      2.012993634272954,
      44.6609359082692,
      16.541224881688226,
      18.333190751965265,
      24.56896414835464,
      3.291369066563346,
      33.40985836588582,
      12.527192511278527,
      24.627067025763715,
      3.4265767147897406,
      2.014467506284541
    ],
    "renewable_ratios": [
      0.5005940421502559,
      0.46833294737945436,
      0.4832722968809567,
      0.5694508183128801,
      0.28206356684063283,
      0.5756967577418172,
      0.5589774799137058,
      0.40726624645933857,
      0.4694851197796393,
      0.2775717109444263,
      0.32731427202469965,
      0.5551710760312643,
      0.5855650615298197,
      0.591341228186866,
      0.36492978231165724,
      0.5039021229956927,
      0.628383211683866,
      0.2766137364472427,
      0.6303255697137311,
      0.49845479908950474
    ],
    "unmet_ratios": [
      0.1904101537246444,
      0.12317749666433109,
      0.056912714961806096,
      0.13216808235071087,
      0.20910343794965608,
      0.1430280244719208,
      0.14021975520223678,
      0.11046270312917579,
      0.23037289669179611,
      0.41037508642854786,
      0.08927563813894425,
      0.146893377749365,
      0.08360409754183695,
      0.12395141834468454,
      0.324943537442237,
      0.1516243484352429,
      0.13364601729947895,
      0.13194934875026124,
      0.14178808999300174,
      0.15175508021718087
    ],
    "mean_reward": -3.3430597591181517,
    "mean_cost": 16.421110109203365,
    "mean_renewable_ratio": 0.47773559232087254,
    "mean_unmet_ratio": 0.16128306527435296
  }
}